{"cameraMode":{"drawMode":0,"name":"Shaded","section":"Shading Mode"},"sceneLighting":true,"audioPlay":false,"sceneViewState":{"showFog":false,"showMaterialUpdate":false,"showSkybox":false,"showFlares":false,"showImageEffects":false,"showParticleSystems":false},"in2DMode":false,"pivot":{"x":-2.3473331928253176,"y":0.39039143919944765,"z":5.595815658569336},"rotation":{"x":-0.020499195903539659,"y":0.9662742614746094,"z":-0.24346381425857545,"w":-0.08135849982500076},"size":8.582234382629395,"orthographic":true}